<SynthPatch>
  <Parameter name="osc1_octave" value="32"/>
  <Parameter name="osc1_semitone" value="64"/>
  <Parameter name="osc1_detune" value="-4"/>
  <Parameter name="osc1_bendrange" value="8"/>
  <Parameter name="osc1_pitchmode" value="0"/>
  <Parameter name="osc1_mod1_source" value="0"/>
  <Parameter name="osc1_mod1_control" value="22"/>
  <Parameter name="osc1_mod1_amt" value="0"/>
  <Parameter name="osc1_mod2_source" value="0"/>
  <Parameter name="osc1_mod2_amount" value="11"/>
  <Parameter name="osc1_mod2_quantize" value="0"/>
  <Parameter name="unused" value="0"/>
  <Parameter name="osc2_octave" value="32"/>
  <Parameter name="osc2_semitone" value="64"/>
  <Parameter name="osc2_detune" value="4"/>
  <Parameter name="osc2_bendrange" value="8"/>
  <Parameter name="osc2_pitchmode" value="0"/>
  <Parameter name="osc2_mod1_source" value="1"/>
  <Parameter name="osc2_mod1_control" value="14"/>
  <Parameter name="osc2_mod1_amt" value="13"/>
  <Parameter name="osc2_mod2_source" value="0"/>
  <Parameter name="osc2_mod2_amount" value="8"/>
  <Parameter name="osc2_mod2_quantize" value="0"/>
  <Parameter name="osc2_link" value="0"/>
  <Parameter name="unused" value="0"/>
  <Parameter name="wave1_wavetable" value="13"/>
  <Parameter name="wave1_wavepos" value="8"/>
  <Parameter name="wave1_phase" value="1"/>
  <Parameter name="wave1_startmod_source" value="0"/>
  <Parameter name="wave1_startmod_amount" value="0"/>
  <Parameter name="wave1_env_amt" value="20"/>
  <Parameter name="wave1_env_velamt" value="0"/>
  <Parameter name="wave1_kbcenter" value="56"/>
  <Parameter name="wave1_kbtrack" value="-4"/>
  <Parameter name="wave1_mod1_source" value="1"/>
  <Parameter name="wave1_mod1_control" value="14"/>
  <Parameter name="wave1_mod1_amount" value="35"/>
  <Parameter name="wave1_mod2_source" value="0"/>
  <Parameter name="wave1_mod2_amount" value="0"/>
  <Parameter name="wave1_mod2_quantize" value="0"/>
  <Parameter name="wave1_steppedsmooth" value="1"/>
  <Parameter name="unused" value="0"/>
  <Parameter name="wave2_startwave" value="7"/>
  <Parameter name="wave2_wavephase" value="1"/>
  <Parameter name="wave2_startmod_source" value="0"/>
  <Parameter name="wave2_startmod_amount" value="0"/>
  <Parameter name="wave2_env_amount" value="0"/>
  <Parameter name="wave2_env_velamt" value="0"/>
  <Parameter name="wave2_kbtrack" value="0"/>
  <Parameter name="wave2_kbcenter" value="60"/>
  <Parameter name="wave2_mod1_source" value="1"/>
  <Parameter name="wave2_mod1_control" value="14"/>
  <Parameter name="wave2_mod1_amount" value="-25"/>
  <Parameter name="wave2_mod2_source" value="1"/>
  <Parameter name="wave2_mod2_amount" value="4"/>
  <Parameter name="wave2_mod2_quantize" value="0"/>
  <Parameter name="wave2_steppedsmooth" value="0"/>
  <Parameter name="wave2_link" value="0"/>
  <Parameter name="unused" value="0"/>
  <Parameter name="wave1_vol" value="64"/>
  <Parameter name="wave2_vol" value="64"/>
  <Parameter name="noise_vol" value="0"/>
  <Parameter name="wave1_volmod_source" value="0"/>
  <Parameter name="wave1_volmod_amount" value="0"/>
  <Parameter name="wave2_volmod_source" value="0"/>
  <Parameter name="wave2_volmod_amount" value="0"/>
  <Parameter name="noise_volmod_source" value="0"/>
  <Parameter name="noise_volmod_amount" value="0"/>
  <Parameter name="amp_env_amt" value="14"/>
  <Parameter name="amp_env_velamt" value="61"/>
  <Parameter name="amp_kbcenter" value="61"/>
  <Parameter name="amp_kbtrack" value="60"/>
  <Parameter name="amp_mod1_source" value="0"/>
  <Parameter name="amp_mod1_control" value="0"/>
  <Parameter name="amp_mod1_amount" value="64"/>
  <Parameter name="amp_mod2_source" value="0"/>
  <Parameter name="amp_mod2_amount" value="64"/>
  <Parameter name="unused" value="0"/>
  <Parameter name="filter_mode" value="0"/>
  <Parameter name="filter_lp_freq" value="0"/>
  <Parameter name="filter_resonance" value="0"/>
  <Parameter name="filter_env_amt" value="54"/>
  <Parameter name="filter_velocity" value="12"/>
  <Parameter name="filter_keytrack" value="15"/>
  <Parameter name="filter_keycenter" value="60"/>
  <Parameter name="filter_mod1_source" value="1"/>
  <Parameter name="filter_mod1_control" value="14"/>
  <Parameter name="filter_mod1_amount" value="-25"/>
  <Parameter name="filter_mod2_source" value="14"/>
  <Parameter name="filter_mod2_amount" value="26"/>
  <Parameter name="filter_resmod_source" value="13"/>
  <Parameter name="filter_resmod_control" value="38"/>
  <Parameter name="filter_resmod_amount" value="-24"/>
  <Parameter name="dualmode_hp_freq" value="0"/>
  <Parameter name="dualmode_hp_env_select" value="1"/>
  <Parameter name="dualmode_hp_env_amt" value="0"/>
  <Parameter name="dualmode_hp_vel_amt" value="0"/>
  <Parameter name="dualmode_hp_keytrack" value="64"/>
  <Parameter name="dualmode_hp_keycenter" value="60"/>
  <Parameter name="dualmode_hp_mod1_source" value="0"/>
  <Parameter name="dualmode_hp_mod1_control" value="34"/>
  <Parameter name="dualmode_hp_mod1_amt" value="0"/>
  <Parameter name="dualmode_hp_mod2_source" value="15"/>
  <Parameter name="dualmode_hp_mod2_amount" value="64"/>
  <Parameter name="bandpass_filter_bandwidth" value="0"/>
  <Parameter name="unused" value="0"/>
  <Parameter name="amp_env_attack" value="0"/>
  <Parameter name="amp_env_decay" value="31"/>
  <Parameter name="amp_env_sustain" value="107"/>
  <Parameter name="amp_env_release" value="45"/>
  <Parameter name="amp_env_attack_mod_source" value="0"/>
  <Parameter name="amp_env_attack_mod_amount" value="0"/>
  <Parameter name="amp_env_decay_mod_source" value="0"/>
  <Parameter name="amp_env_decay_mod_amount" value="0"/>
  <Parameter name="amp_env_sustain_mod_source" value="0"/>
  <Parameter name="amp_env_sustain_mod_amount" value="0"/>
  <Parameter name="amp_env_release_mod_source" value="0"/>
  <Parameter name="amp_env_release_mod_amount" value="0"/>
  <Parameter name="unused" value="0"/>
  <Parameter name="filter_env_delay" value="0"/>
  <Parameter name="filter_env_attack" value="0"/>
  <Parameter name="filter_env_decay" value="61"/>
  <Parameter name="filter_env_sustain" value="41"/>
  <Parameter name="filter_env_release" value="59"/>
  <Parameter name="unused" value="0"/>
  <Parameter name="unused" value="0"/>
  <Parameter name="filter_env_attack_mod_source" value="0"/>
  <Parameter name="filter_env_attack_mod_amount" value="0"/>
  <Parameter name="filter_env_decay_mod_source" value="0"/>
  <Parameter name="filter_env_decay_mod_amount" value="0"/>
  <Parameter name="filter_env_sustain_mod_source" value="0"/>
  <Parameter name="filter_env_sustain_mod_amount" value="0"/>
  <Parameter name="filter_env_release_mod_source" value="0"/>
  <Parameter name="filter_env_release_mod_amount" value="0"/>
  <Parameter name="unused" value="0"/>
  <Parameter name="wave_env_time1" value="0"/>
  <Parameter name="wave_env_level1" value="127"/>
  <Parameter name="wave_env_time2" value="33"/>
  <Parameter name="wave_env_level2" value="71"/>
  <Parameter name="wave_env_time3" value="54"/>
  <Parameter name="wave_env_level3" value="14"/>
  <Parameter name="wave_env_time4" value="29"/>
  <Parameter name="wave_env_level4" value="0"/>
  <Parameter name="wave_env_time5" value="0"/>
  <Parameter name="wave_env_level5" value="0"/>
  <Parameter name="wave_env_time6" value="0"/>
  <Parameter name="wave_env_level6" value="0"/>
  <Parameter name="wave_env_time7" value="0"/>
  <Parameter name="wave_env_level7" value="0"/>
  <Parameter name="wave_env_time8" value="0"/>
  <Parameter name="wave_env_level8" value="0"/>
  <Parameter name="wave_env_timemod_source" value="0"/>
  <Parameter name="wave_env_timemod_amount" value="0"/>
  <Parameter name="wave_env_levelmod_source" value="0"/>
  <Parameter name="wave_env_levelmod_amount" value="0"/>
  <Parameter name="wave_env_keyoffpoint" value="3"/>
  <Parameter name="wave_env_loopstartpoint" value="2"/>
  <Parameter name="wave_env_looponoff" value="1"/>
  <Parameter name="unused" value="0"/>
  <Parameter name="free_env_time1" value="20"/>
  <Parameter name="free_env_level1" value="0"/>
  <Parameter name="free_env_time2" value="35"/>
  <Parameter name="free_env_level2" value="127"/>
  <Parameter name="free_env_time3" value="38"/>
  <Parameter name="free_env_level3" value="107"/>
  <Parameter name="free_env_time4" value="55"/>
  <Parameter name="free_env_level4" value="0"/>
  <Parameter name="free_env_timemod_source" value="0"/>
  <Parameter name="free_env_timemod_amount" value="0"/>
  <Parameter name="free_env_levelmod_source" value="0"/>
  <Parameter name="free_env_levelmod_amount" value="0"/>
  <Parameter name="free_env_zeroaxis" value="0"/>
  <Parameter name="lfo1_rate" value="100"/>
  <Parameter name="lfo1_shape" value="0"/>
  <Parameter name="lfo1_symmetry" value="64"/>
  <Parameter name="lfo1_humanize" value="3"/>
  <Parameter name="lfo1_rate_mod_source" value="16"/>
  <Parameter name="lfo1_rate_mod_amount" value="64"/>
  <Parameter name="lfo1_level_mod_source" value="5"/>
  <Parameter name="lfo1_level_mod_control" value="38"/>
  <Parameter name="lfo1_level_mod_amount" value="127"/>
  <Parameter name="lfo1_sync" value="2"/>
  <Parameter name="lfo2_rate" value="46"/>
  <Parameter name="lfo2_shape" value="2"/>
  <Parameter name="lfo2_symmetry" value="64"/>
  <Parameter name="lfo2_humanize" value="4"/>
  <Parameter name="lfo2_rate_mod" value="0"/>
  <Parameter name="lfo2_rate_mod" value="64"/>
  <Parameter name="lfo2_level_mod_source" value="0"/>
  <Parameter name="lfo2_level_mod_control" value="34"/>
  <Parameter name="lfo2_level_mod_amount" value="64"/>
  <Parameter name="lfo2_sync" value="0"/>
  <Parameter name="control_ramp_trigger_source" value="0"/>
  <Parameter name="control_ramp_rate" value="0"/>
  <Parameter name="panning_source1" value="1"/>
  <Parameter name="panning_control1" value="38"/>
  <Parameter name="panning_amount1" value="25"/>
  <Parameter name="panning_source2" value="0"/>
  <Parameter name="panning_amount2" value="0"/>
  <Parameter name="control_comparator_source" value="0"/>
  <Parameter name="control_comparator_threshold" value="0"/>
  <Parameter name="control_mixer_source1" value="0"/>
  <Parameter name="control_mixer_amount1" value="0"/>
  <Parameter name="control_mixer_source2" value="0"/>
  <Parameter name="control_mixer_amount2" value="0"/>
  <Parameter name="control_mixer_source3" value="0"/>
  <Parameter name="control_mixer_amount3" value="0"/>
  <Parameter name="control_delay_source" value="0"/>
  <Parameter name="control_delay_time" value="20"/>
  <Parameter name="control_delay_t_mod_source" value="0"/>
  <Parameter name="control_delay_t_mod_amount" value="0"/>
  <Parameter name="control_shaper_source" value="0"/>
  <Parameter name="control_shaper_refpoint1" value="0"/>
  <Parameter name="control_shaper_refpoint2" value="16"/>
  <Parameter name="control_shaper_refpoint3" value="32"/>
  <Parameter name="control_shaper_refpoint4" value="48"/>
  <Parameter name="control_shaper_refpoint5" value="64"/>
  <Parameter name="control_shaper_refpoint6" value="80"/>
  <Parameter name="control_shaper_refpoint7" value="96"/>
  <Parameter name="control_shaper_refpoint8" value="112"/>
  <Parameter name="control_shaper_refpoint9" value="127"/>
  <Parameter name="sample_hold_source" value="0"/>
  <Parameter name="sample_hold_rate" value="20"/>
  <Parameter name="sample_hold_rate_mod_source" value="0"/>
  <Parameter name="sample_hold_rate_mod_amount" value="0"/>
  <Parameter name="unused" value="0"/>
  <Parameter name="aux_level_mod_source" value="0"/>
  <Parameter name="aux_level_mod_control" value="38"/>
  <Parameter name="aux_level_mod_amount" value="0"/>
  <Parameter name="aux_level_min" value="0"/>
  <Parameter name="unused" value="0"/>
  <Parameter name="unused" value="0"/>
  <Parameter name="unused" value="0"/>
  <Parameter name="glide_mode" value="1"/>
  <Parameter name="glide_rate" value="0"/>
  <Parameter name="glide_slope" value="0"/>
  <Parameter name="glide_time_mod_source" value="0"/>
  <Parameter name="glide_time_mod_amount" value="64"/>
  <Parameter name="glide_onoff" value="0"/>
  <Parameter name="valid_flag" value="85"/>
  <Parameter name="Name" value="Steel Wave    FB"/>
</SynthPatch>
